beta0,beta1,beta2,beta3
-0.25538412869144567,0.9978498627061109,-2.002000503432164,0.16464973352320877
-0.2504888451176924,1.0110118861122754,-2.027443884370768,0.16972762859141613
-0.2549069832850701,0.9991228362780762,-1.9995900792876902,0.16733719158327967
-0.2540795822392339,1.0154795066496745,-2.0128122064793468,0.17241168822456482
-0.2572424554253197,1.0047671920155468,-1.9972579664964876,0.17150715188723017
-0.26045903226426154,1.005644391417681,-2.0136338892408063,0.169058948438417
-0.2505737240298044,1.016153516757513,-2.0095152875368565,0.16862167203489828
-0.2579078610657796,1.0107676353460375,-2.001797822349046,0.1690228605614868
-0.25248100997474865,0.9960317069358912,-1.9873035988082932,0.16687967255739364
-0.2475508805296583,1.001676147758456,-1.9989355280844114,0.17273768577380694
-0.2536425353739527,1.0124075616274277,-2.012194280606475,0.17179656162705598
-0.25199460421387987,0.9996232945313515,-1.997830169029916,0.16654450376742125
-0.25759404049179313,1.0146694265495924,-2.031220620020457,0.16875739269348622
-0.25427585185963736,1.0019251173867305,-2.002480616985617,0.1723130417986546
-0.25383398269648433,0.9934458438781938,-1.9957114369759952,0.17138060737777647
-0.2503487386806388,1.009765241702351,-2.0080515859542354,0.1725024539397551
-0.2499102175028899,1.0045387030373636,-2.014528309036081,0.16961877133906125
-0.2572417109782613,1.0045317147417103,-2.0140829613367472,0.16608438021386784
-0.25158119472298496,0.9918981348580341,-2.014466427852046,0.16915978538195184
-0.25992650012090246,1.0082996026661262,-2.0102840963146025,0.16059088813324815
-0.25006848916278324,0.9986635367000185,-1.9977321276187319,0.16843956277858665
-0.2564668748425758,1.014386217975328,-2.023194764005338,0.17712436734785822
-0.25255126698420827,1.005860011103629,-2.007641621639522,0.1713311113507526
-0.254939593981037,0.9975214081986122,-1.9937825210401827,0.16981321385220355
-0.25740970537305236,1.002500250972021,-1.9909842577824082,0.17168442288461083
-0.2517554705952181,0.9955299871367919,-2.0018754557203464,0.1712687951958979
-0.2549076992589473,1.0026097468281463,-1.9828104936248667,0.16701894635312176
-0.24672057838246148,1.0085067519328517,-2.0295227275801566,0.1663076102666857
-0.2516314906722391,1.0028269384086896,-1.9985318678289252,0.1721920060103541
-0.2541472510288985,0.9977017660888761,-2.004261590329598,0.1608992987164629
-0.2553462812661821,1.0097727956099378,-2.0197608467256365,0.16742224326710314
-0.2594522279739845,1.005514918610046,-1.9956907873307304,0.17189409695827373
-0.25235308668008327,1.007604779964406,-1.9965851844030742,0.16024436329383546
-0.2552477958008068,0.993627641883887,-1.98934779930094,0.1686686769260463
-0.2538136025251506,1.0071433985146738,-2.018342434349835,0.1677774491287989
-0.26117825346856394,1.006350604037393,-2.0165362402837603,0.1661816584454132
-0.25570961728129205,0.9957325580959403,-1.9998529059761851,0.1711548009249996
-0.2499006763127082,0.9867861487044904,-1.9914672723033564,0.1706830006273964
-0.2509506640292347,1.0044467463120224,-2.000401549848438,0.1733445682884701
-0.25589087707484987,0.9997562840372529,-2.006904299866678,0.17078754107644945
-0.2534781750554705,1.002133033092092,-2.0077964689566787,0.17970707259504418
-0.2496531425958935,1.0023985256809522,-1.9934796318457726,0.1723864035423061
-0.24918344951643084,1.0029811700746765,-2.0187068911528456,0.1688345062985373
-0.25788288220039496,1.0058858472905072,-2.0002254726492414,0.1750361940910308
-0.2559796421925702,0.9985954650977911,-1.9962245389958406,0.1731297278110014
-0.25187261602596944,1.0074003025982219,-2.022077916577902,0.1686299909351102
-0.25531069824183217,1.0086633342450628,-2.0068136670914374,0.16680279217237542
-0.24779070755732002,0.9988588972364693,-1.9855258188678524,0.17279937575003096
-0.26150626944043304,1.010517096307843,-2.0157909912001823,0.16954469142295664
-0.25394787438072686,1.0060503619321504,-1.9936057322676093,0.1719435590656939
-0.2591300825482397,0.9972987667098862,-2.0028352931320743,0.17624956359280683
-0.25490676654088607,0.9941697234752941,-1.9747867463162896,0.16746770271301842
-0.2573382874773828,1.0094805182773605,-2.00555524299249,0.1751202426387315
-0.24919295979433465,0.9966268678349802,-1.9979853245730135,0.16887416827592422
-0.25423528916412186,1.0043396134271192,-2.004184499699722,0.1711981714689076
-0.25695233758792624,0.9934737550584465,-1.9918130262171003,0.16152726593378064
-0.25956892262259734,1.0072594519056026,-1.9937527510536375,0.170619867972994
-0.2558999897144935,0.9903887751042625,-1.995162290297906,0.16891884645298305
-0.249711750941151,1.0051681461947817,-2.0067562370519285,0.17317470219664086
-0.2515473109126407,0.9987406264278492,-1.983767404923462,0.1690050777476961
-0.2511579083534716,0.9942419342626847,-1.9963924912864675,0.16369895350641905
-0.25073698735254235,0.9948179580810943,-1.9784086548654636,0.16963365347517975
-0.2551799949363918,1.0043422622361111,-2.0054752922672536,0.1685022792030874
-0.24994423142410113,0.9978914527135302,-2.0072659144145906,0.17368132405707842
-0.2614680424399644,1.0034838170261176,-2.0127373285893473,0.1663637749706297
-0.25753038183505267,1.0017164553666797,-1.9905138444683734,0.17048543008659797
-0.25840063772351834,1.0080387584338475,-2.0008937047650797,0.167471406714463
-0.2487376013417353,1.0131003861975412,-2.0236597733135424,0.17533311544140429
-0.2522797411587213,1.002423378424787,-1.997162596752373,0.16657494368290182
-0.2526717706284733,1.0039665576338375,-2.003045601258787,0.16954856862506942
-0.24874768839300396,1.0017003126764756,-2.0040169841672557,0.1742715860012355
-0.2473049943807281,0.9974023778630189,-1.989619578578694,0.16414232633558745
-0.26004895757217494,1.0082055152123637,-2.007454394999544,0.1690880300111035
-0.251090781969021,1.0049832023555534,-2.0054409889726132,0.16732580101346753
-0.2617256315942797,1.0074555420585924,-2.004614782611604,0.16642487240113094
-0.25080416873526834,0.995655001716992,-1.9884282398050517,0.1699004533355136
-0.2500250076212974,1.0023584296546177,-2.008979313954321,0.1724882448646072
-0.2536690844397963,0.9967723284098579,-1.9837001195801214,0.1699970503584694
-0.25741674223423927,1.0068879177892034,-2.0090170778251357,0.17062764959398705
-0.25320703862512484,1.0026899528561761,-2.0022709215927894,0.17106271302008855
-0.2520527128406465,1.007505977510244,-1.9920261179146925,0.17030734269749154
-0.24779753271650443,1.0080768121150652,-2.0137311619306884,0.17353828756611214
-0.2515988482718459,1.0021452995027276,-2.0119705205159333,0.1715433878618147
-0.25185445751655566,0.987851132903331,-1.9706206436905616,0.16129042131908408
-0.258955287134887,0.9966104200119863,-1.9929271795106,0.1659794062749033
-0.24701872559091717,0.9981261466340633,-1.9885398688623417,0.17186689597422347
-0.2575726740729485,0.9998116986971676,-2.028911990862175,0.1739758345877223
-0.254455099394728,1.0175973988937794,-2.0156702516020695,0.1685189981008198
-0.24618679501263305,0.9999680754657673,-2.01922377441088,0.17025526349521136
-0.256181395528774,1.0023229381708003,-1.9980123367883387,0.16958173030195756
-0.2546731492535642,1.008105827531988,-2.0029792641199404,0.16994253586881233
-0.2582727805811176,1.0103370806820335,-2.0276477349959294,0.17724472726597204
-0.25334018177863526,1.000272503370718,-2.002312545082051,0.16978020728648224
-0.25016159007645505,0.9978069124456939,-1.9931412859928566,0.17058320806143548
-0.25392267596453605,1.0039004951241357,-2.007593238498533,0.16944006795907926
-0.24997695470898795,0.9999379386921853,-1.990856947003837,0.17387289953649843
-0.2524938523042898,0.9929416451251615,-1.9870831229897017,0.17454160924102305
-0.2509508139731799,1.0069979726782297,-2.0014193776829092,0.16903332968717077
-0.25606294405859664,0.9963021153231956,-1.9919706883007007,0.16502967553992268
-0.2554874944597824,1.0064399130534263,-2.0057988163017026,0.17086899008084205
-0.24615119419202683,1.0000987963498513,-1.9884177650994057,0.1708302492601691
-0.25306782406645645,1.0089457899673548,-1.9894314666688273,0.16518519020115696
-0.25535101363837087,0.9960882934759316,-1.986358742330887,0.15892691824314423
-0.2489592449586238,1.0059114535665674,-1.9939669844113304,0.17341424601342809
-0.24951754551446118,0.9998734873730083,-1.9893277907819829,0.17193332325030816
-0.2536436347305936,0.9950262515834317,-1.994187611264971,0.16629811218624801
-0.25119111472402894,0.999187327242197,-1.9945535118999071,0.1674772519928567
-0.2538058352033715,1.000519384463836,-2.000201357664312,0.16475624180389117
-0.2494380933021016,1.0083621901314141,-2.0019239775427233,0.17120208065775308
-0.24947293009232815,0.9953322197500702,-1.991380550987428,0.17651784731372894
-0.25086881248885085,0.9988493599409984,-2.002052654044267,0.1700697299937555
-0.2478093974700419,0.9971326687792473,-1.9931128040927861,0.17016877738299663
-0.24626808190316135,0.9902808513759938,-2.0010461634285237,0.1738290637697276
-0.2530960902635033,1.0073591844975427,-1.9963657968470958,0.16965265257746004
-0.25812455839324105,1.0005660421507312,-2.0020198626725136,0.1720097699685887
-0.25369117500449273,1.0051198428688963,-2.0142218233009475,0.16961753892618567
-0.2475454921976438,1.0052933429479072,-1.991656743475592,0.17604074754378948
-0.25846886708421973,1.003061731028793,-2.0081657948454263,0.16508313081656534
-0.2526172700283723,0.9928703656305493,-1.980227666019481,0.17004364576480693
-0.25173680641195273,1.0034050119621927,-1.988845152849017,0.16972335298655547
-0.257931917601897,0.9992885745749374,-1.9940515319650702,0.16537430973846623
-0.24668125362706825,0.9913798280753253,-1.9812486566727963,0.16801822429388558
-0.25151995604546035,1.0055289317806955,-2.009453794975645,0.1651515777784067
-0.24917188881848332,0.9977832364492635,-1.9866292466045297,0.16903026625849543
-0.2538657613461371,1.0085634092360132,-2.0194381050259476,0.1741654936699238
-0.25282380330316445,0.9966208542084416,-1.9887957987024165,0.17215264970745436
-0.2536326019822298,1.0041371933882433,-1.9985426640885193,0.17312992716416203
-0.24870970857123542,1.0036245947734808,-1.9974427141726006,0.17504344892696633
-0.25839479013372263,1.0064708920942111,-2.012179261435062,0.17251145609457932
-0.25519896366246897,1.0069920726772954,-2.0068837689182004,0.16856356184440202
-0.25963192703662746,1.012988733033534,-2.0105137070558743,0.17464088051190108
-0.2560892943571534,1.0002003464106337,-2.007662523718863,0.1703311630755969
-0.2596642522004652,1.0126413671372798,-2.0115372934570077,0.16718921175491355
-0.24428296513030906,0.9872269470871692,-1.9932654623562267,0.17065115325973956
-0.24718071731332208,0.9989703412418249,-1.9830101631491615,0.17355992837161074
-0.25189807141994236,0.9982922117315601,-1.9943625998278105,0.1748616203624109
-0.2499731913958255,0.9973030009579541,-1.9950262216079173,0.16856862630641214
-0.2510057202938538,0.9977978743449284,-1.9884008786359062,0.1708175814295565
-0.24989433352914026,0.999734286313441,-1.9866581961434553,0.17187772383388167
-0.2567034800776668,0.9968303274442448,-2.010523747445352,0.1798475853422631
-0.25483525719925043,1.0081854081919408,-1.9953489921977607,0.17529505187845193
-0.24864104791610836,1.011767224088598,-2.0118103406116945,0.1776049432446669
-0.2473380958034117,1.0010520665465787,-2.011737451065451,0.1740464200956731
-0.2584094919811675,1.0176526266190133,-2.0183543564336843,0.17285493677594213
-0.25472658994848835,1.0037628935410867,-2.004060701098462,0.16673839174762672
-0.25693823679609024,1.012611350822794,-2.000004010189651,0.1664800411531797
-0.254879744251658,1.013801487291358,-2.019278268425843,0.1700485169554052
-0.24793389968797855,0.9962839655961904,-2.010725157061098,0.1747406680873416
-0.250243008480416,0.9911046584893974,-1.9771230173490868,0.1732619228193059
-0.2569135493567167,1.0112255481930372,-2.0279792217299506,0.17236867162066138
-0.2521724829076154,0.9945546099167144,-1.9971216065963833,0.1688633240993494
-0.25743219636670345,1.00291594546358,-2.031108975045772,0.17630170217513405
-0.2544004439411599,1.0042936231655493,-1.999289379656145,0.1725404390631469
-0.2506509807262792,0.9978059054541139,-1.9963279128508626,0.16712328122315645
-0.25024072980958895,0.9953558495379147,-1.9935079525856816,0.16756551424723193
-0.2611860955454867,1.0125296950991587,-2.024559910124776,0.17874399542577582
-0.25054045639428285,0.9921867187737378,-2.001376217135281,0.17033858965352916
-0.2574222310856729,1.0040291314898198,-2.012435170906053,0.17171386851436432
-0.2540136713986477,1.0056710987418402,-2.00989290985932,0.1742865930694101
-0.253130367967737,1.0158702573080753,-2.011439461791257,0.16419456649735734
-0.25042845920532913,1.007858340212632,-2.004540778630967,0.17000396338432852
-0.25654449240285243,0.9977019939376582,-2.008343097007204,0.17501447394645103
-0.2503249112108806,0.997311082157692,-1.9955897320074576,0.16656314141944348
-0.25260531633424715,1.0104881903778384,-2.0156540687336024,0.16902775577189288
-0.25688345198009055,1.0078432092871588,-2.0158260592381523,0.17043354345780962
-0.2481553349206057,1.0057407938567995,-2.0062262951735907,0.16631539940021522
-0.25106032783249205,1.0061613787196144,-2.015655340069502,0.17070859873998995
-0.253634685540028,1.000564210071362,-1.9988436357150443,0.1727394030599808
-0.2508539494887201,0.9988358598140427,-2.0030998586103372,0.1670928551485256
-0.25414850785560794,0.9952669141798446,-1.9802756249327444,0.16858174449818933
-0.25375780406610693,1.0029178311548064,-2.0102468932342705,0.1700532126726817
-0.2583438555650314,1.002013719475577,-2.000614083855865,0.17135715554809963
-0.25746600983183837,1.0022052631683271,-1.9939360244454876,0.16945190133657298
-0.25579013508357795,1.007366445976861,-2.0178251446965545,0.17272383690135534
-0.2522924326785228,1.0126585333652516,-2.012286830597514,0.16618460770917698
-0.2546256602732086,0.9954055598376436,-1.9866533003810574,0.15922632908188203
-0.2624906066842915,0.9935499136399971,-2.0036600885042057,0.165852799453537
-0.24846065858720578,1.0001692733861705,-2.0098256503165652,0.16488221141171797
-0.25168060853577917,1.005094978764996,-2.0145874863552784,0.17037988773304674
-0.25163703995923803,1.0131138737884173,-1.996127596843428,0.17254033515039086
-0.2571482861259705,0.995053632741721,-1.9933781836539792,0.16589775637299575
-0.24907807182176853,1.001739138052924,-1.9974123100484842,0.17691239897130379
-0.2548417893787924,1.0096549082265707,-2.0182184800771523,0.17590122506218137
-0.25735896518786877,0.99330762034477,-1.9776804792785927,0.17605794043419418
-0.251315826795482,1.0010351843818515,-1.9803642613208579,0.17514348852494824
-0.24843486740847706,1.006094824568934,-2.0024033369623644,0.17015867728643205
-0.25050618676179415,1.005166288171843,-2.010674594754547,0.16452131857702032
-0.25337029621067864,1.0022681092002472,-2.006031542335716,0.17327489593104964
-0.2540481763061642,0.9903215353538555,-1.9862561998654573,0.16841654576786025
-0.25245924495702077,0.9950634331950654,-1.9911747807936164,0.16781285649846073
-0.25632728293078344,0.9997903152828754,-1.9938722643662503,0.165977872555152
-0.2593340035958902,1.0011002574131063,-1.9993088496264255,0.16955126308979585
-0.2509304200067165,0.9977085609473423,-1.9882159834751516,0.16827189806154452
-0.24958016417699128,1.0124699013327612,-2.0213252484557263,0.17076018048043756
-0.25624663210715737,0.9993877076146142,-1.9961094503735701,0.16803016186536343
-0.2628519936252991,1.0048675945596892,-2.0058671094243516,0.1632958555249224
-0.2579700023277982,1.0072703340130924,-2.01089786678848,0.1718048328974938
-0.24614100316888188,1.0027312275618734,-1.9972365078816356,0.17116933465489775
-0.24561171987205493,1.0152027459699704,-1.9999913831417209,0.1638204409832369
-0.25364665269078984,1.008370312167406,-2.0079946689852015,0.16357815453614186
-0.2563881807063589,1.0086791716309131,-2.0112655774847417,0.17377958363953652
-0.250390894649404,1.0110516497977873,-1.999600432412751,0.16723586722192327
-0.2546162584178524,1.0011497886287741,-1.9985147795708507,0.16949541207566504
-0.2583200380834205,0.9984273542260175,-1.9993123641059962,0.16810042935212594
-0.25139086657137544,1.0111509635217104,-2.0289668858608167,0.1701838158904412
-0.2562072522085942,1.0115539553735542,-2.0090850014708965,0.16343097140850293
-0.2501570393772416,0.9968535202631055,-1.991942174836915,0.16296846638885418
-0.2526836823238671,0.9930060485612194,-1.990983061439954,0.1701263955401975
-0.25489518922409815,0.9972774469756056,-1.9931166188626601,0.16971929624204715
-0.2592451552891717,1.0073861619797875,-2.0079004770773214,0.16640695480102724
-0.256372950981464,1.0095984418086603,-2.024013361936238,0.1711534834731746
-0.2558468465529033,1.0129366172844856,-2.0094218167465754,0.16972584862253023
-0.25380698961076076,1.0047062427049764,-2.0002300617081517,0.17229513703581756
-0.2509212889018172,1.008969002794918,-2.0055617043909466,0.17600387449002158
-0.2564808119142408,1.00331063080157,-2.0155569839715946,0.1704580742287171
-0.25268228596645503,1.003090145824316,-2.0051123460604243,0.17596974486825384
-0.25602337471540454,1.0014047372183064,-2.001690022638837,0.16898086473517146
-0.26247868309611805,1.0077557932792585,-2.000955133091552,0.17020885570344205
-0.24985135302465553,1.0030606928734456,-1.9946802625368014,0.1714250854555689
-0.2550634110766694,1.0048476941413873,-2.006266952679288,0.17295052645902756
-0.25020811705404944,1.0083147956055645,-2.000243777762127,0.17755818498794712
-0.2498723725020394,1.001619535165245,-2.0093806099955915,0.1683586562655905
-0.2496715561175815,1.005303624245515,-2.014707831887428,0.1741011576663061
-0.252990719541429,0.9998437352884,-2.0138254588228612,0.171888373248444
-0.2550571613724795,0.9995387098761193,-2.0042539910426007,0.16645178240910868
-0.2530195179248215,1.0082562071481915,-2.0080372273540923,0.16699007253812034
-0.24997322750558443,1.0036218241376327,-2.007831030001522,0.16831689981733688
-0.2596425149727753,1.0152173500788764,-2.0134519201066774,0.1743378715799206
-0.24537831151480183,1.0104828029197424,-2.0016452364757704,0.17729048240956186
-0.2546892841477866,0.9989692039888411,-1.9957523864045958,0.16744853445212707
-0.24668679617845143,1.0020357833773892,-1.9990223475813027,0.1684994436116876
-0.2579937496481181,1.0038109885742057,-2.000939956072583,0.1689448865880086
-0.2552984002598385,1.0060348365644067,-2.000287089003929,0.16425284887330885
-0.25105704459453465,1.0001809923641392,-2.008026115437693,0.1646230579386352
-0.2504932979829897,1.0023855396115773,-1.9881410484504025,0.1685401916404624
-0.2487164694801328,1.0041485253688662,-2.0282338859337052,0.1735156238063818
-0.25458104530526876,0.9986564002568126,-1.9920103139307348,0.1716158130583413
-0.2585784805520673,1.009121783288169,-1.99671684759078,0.1684992728421639
-0.26012462081026466,1.0017135529797985,-2.00441923492057,0.16479287046511
-0.25877780356365526,1.0039459448566415,-1.9942379350045767,0.16813281531918378
-0.2527885913266871,1.0035406260999817,-2.0174482418616635,0.17072655523089936
-0.2597896777410348,0.9925926484084878,-1.9818545941550016,0.17367329047668764
-0.2565539398874173,0.9949404606505258,-1.9791379242547378,0.1666699918289045
-0.2599313804209766,0.9983621928322753,-1.9929767758707806,0.16826700697283012
-0.25196113062858727,1.0085598922121062,-2.0060015412107184,0.1746381070554231
-0.2558251219479556,1.0031429658296864,-2.0101226084180546,0.17217926447367266
-0.25660062930339805,0.9994972092421582,-2.0113322304234558,0.16952038876122028
-0.2598381461582891,1.0077273497368002,-2.01005722522367,0.1680202111945581
-0.2535919285769714,1.0040478602231202,-2.004453467152358,0.1639788071221315
-0.2543064785131813,1.0069905019482455,-2.001035047889406,0.1655874645543061
-0.2559339538767755,1.0019781917002022,-2.0009626213485165,0.17409898258536147
-0.2524985509440395,0.9994847134752645,-1.98944912493713,0.16896954777572332
-0.2504633485071254,0.9996598858222332,-1.9956886069490145,0.1761363054565689
-0.2558996327962545,1.0055233772171082,-2.009023651733485,0.1654994552278647
-0.2502449489354718,1.0010074908875213,-2.0074843300014207,0.1687167171030357
-0.26022985104174795,1.0036615632989154,-2.003252922481461,0.1686191016964185
-0.2517541921433096,1.0031996858850667,-2.004824980295178,0.17379646658172326
-0.25735604200442364,1.005403037944218,-1.99823305517986,0.1694075524176294
-0.24842083626849903,1.0039794158772484,-1.9881983051760515,0.1674239140174084
-0.2529678769376296,1.0051908709899018,-2.0127597393263414,0.16745314332790615
-0.25839649118822033,1.007749778410192,-2.0165751442751696,0.16694632987916302
-0.2551261967713085,0.99345489949261,-1.9994807734486428,0.16549117778325262
-0.25573873043503637,0.9992251250287452,-2.0063023857527438,0.1803326197691591
-0.2522874900537188,1.001918603999696,-1.9832200218082223,0.1768304993544083
-0.2615411122219512,1.0067122958585455,-2.0060156431594542,0.17478072801382133
-0.2509082115383095,1.0012659247380975,-2.0003578943168656,0.17053003035187428
-0.25004783319828805,0.9887222014468088,-1.9835395166338419,0.1654427396077183
-0.2576936117095018,1.008398087719779,-2.003049766023305,0.16985558154493893
-0.2553541111218016,1.0048617144146825,-2.0010639078169437,0.18173762909587074
-0.2522484731747891,1.0180757023610978,-2.027305188348159,0.1666218556541385
-0.2555255008725098,1.0069666871127863,-1.9999688249018472,0.17273440844610985
-0.24655570219143816,0.985531509531295,-1.967770439087325,0.17388515826907008
-0.2533471803539242,1.0024061720898947,-1.990055114398201,0.16967023368856576
-0.2521625427371608,0.9977602089394044,-1.9835504422949504,0.17337156112395702
-0.252762712536266,1.0082840862204172,-2.018804455471087,0.1641991979826955
-0.24902334380098418,0.9915280462608301,-1.9992941804333306,0.1744034290726394
-0.250711781925409,1.0001745731252671,-1.9974241328599864,0.16967483821336446
-0.2537749847079485,0.9975142110544092,-1.9880476847273791,0.17013283714881247
-0.25564654677209775,0.9848850284180383,-1.9895319133603404,0.1706911465062687
-0.25797831122682613,1.0037108426059769,-2.014200855004492,0.1673558973928091
-0.2509418227213178,1.0141968632745635,-2.01697657768813,0.16527909187159193
-0.2554907536421151,0.9982768082490714,-2.0086035295976825,0.16450905409664707
-0.2532789145252643,1.0028438230833843,-2.008810884239471,0.1683693732255191
-0.2572588147251756,0.9981554130521948,-2.01042641688182,0.16646632963104704
-0.2564512823475276,1.0099632143582964,-2.010541683960931,0.17548174068764294
-0.2615811669016935,1.0039121867938088,-2.008643197233895,0.17049613915452924
-0.25500655207363265,1.0005747424654192,-1.994245736162788,0.16288402316429523
-0.24947615012592905,1.003975026873697,-1.998517196683392,0.16995908627623163
-0.25554696337270627,1.0001225539141865,-1.993055012240442,0.16887919266634277
-0.25063311241668773,1.0076121995760858,-1.9976835832373878,0.17530651733982067
-0.2491838746418678,1.0010614094135382,-1.9909210296649726,0.16586047570357565
-0.24882156845200987,0.9996544130612499,-2.002486361348345,0.1614729778813383
-0.2520307751210261,0.9981370161510887,-2.0060887606552518,0.17168222817674098
-0.2549499393731576,1.0090908163540564,-1.998238023902002,0.1760864832525046
-0.2534394798035776,0.996518283287543,-1.9943911515034367,0.16710886762780156
-0.25526470529433315,1.0078429195565444,-2.0066357517212365,0.17174940848826534
-0.2557709528911184,1.0033707706841877,-2.0001539702888596,0.16472534770311295
-0.24562194102943236,0.9982752942979395,-1.986341493988269,0.17009732316694573
-0.25172882567856925,1.00244571142504,-2.0068220820919236,0.1651998558383565
-0.25580099472608264,0.9884034500163202,-1.975799054786567,0.16883219774280106
-0.24807182768526204,1.0013841873858202,-1.999839469636257,0.1746433996404039
-0.24737514037965108,1.000673048203968,-1.9778640246467794,0.17366627137285437
-0.25486745530576593,1.0083334033935258,-2.0076975955159173,0.16204527501973176
-0.25672028800784324,1.0057340720305432,-1.9957356863636413,0.1716698803948918
-0.2549409015395259,0.9996634823664498,-1.9802392177554105,0.17472447062706117
-0.25128783222155715,1.0069642062809476,-1.981911313067856,0.16905492581979278
-0.2542059864033054,0.9992502167118388,-2.0052687906219053,0.1706631244100704
-0.2527836521243995,1.00762807555284,-2.008888145681021,0.16937618584745404
-0.2633898947297748,1.002619196688311,-2.018033994984218,0.1695758956464811
-0.24830195600325458,0.9923127202678586,-1.9983946129682315,0.16590368606436054
-0.24989804937157367,1.0021243773923543,-1.9912667759175517,0.167399127907717
-0.25008969483328564,1.0065213363123833,-2.0049668336891044,0.16711091386898635
-0.25079117520855027,1.0049540650323456,-2.00155633837109,0.16807689958187863
-0.25602872854157493,1.0053439024218147,-2.0067048122090534,0.17154596091238145
-0.256307933123826,1.0084294286281914,-2.015174552347836,0.17281826377531295
-0.24871496827259099,0.992123333673841,-1.9780740579643024,0.1648436683172852
-0.2502077785174671,1.0022840199373795,-1.9925555682182041,0.1680026089594189
-0.2538374588807972,0.997144052148747,-2.00505213371456,0.16847767564361055
-0.2566755336609578,1.0077393052758317,-2.023348151810882,0.16567416526882045
-0.2571311580555758,1.0041361799588444,-1.9987377023367214,0.1728166445639734
-0.2521005535223029,1.0039157590540795,-1.9909516489904158,0.16709812734159996
-0.2559697136071478,1.005422784575327,-2.005296422817505,0.1662893708488278
-0.2564453937417948,1.0043369490937275,-2.0124628904542288,0.17074013609320296
-0.24828475835639915,0.9991355622340067,-2.0034610127930126,0.1694877200490537
-0.24878818168958547,0.9882594064607638,-1.9864823766839375,0.1603459332007887
-0.2579557551543319,0.9968031880699875,-1.9898662270673153,0.16941784470271154
-0.2521310812618457,1.0023526041252238,-2.0024251156999067,0.16812294067042227
-0.25499147244168147,0.998317250925974,-1.996049663793246,0.17016155105157546
-0.240526085829797,0.9881489053627295,-1.9846396568286846,0.16631559719535047
-0.25987673014423324,1.0116995282553929,-2.0047044484034124,0.16611253690173702
-0.2547113749842708,1.0020417223953646,-1.9905778322962118,0.16671456068906626
-0.2482774755736211,0.9898904621423514,-1.986565712761008,0.17441918774105777
-0.25420939877609183,1.009464688663508,-1.9945489307138207,0.1696704678897592
-0.2545805621348594,0.9960236384572276,-2.0159718417121115,0.1730242943649592
-0.25403942971493504,1.0076068567669252,-2.0079138919597,0.17240602721189563
-0.2596407692786149,1.0063284420663352,-2.0121299294243364,0.16681621537474495
-0.25274659313421244,1.0086908656837281,-2.0224100287038436,0.1686339779399054
-0.25377287766249573,0.9933374367800722,-1.9891356027270966,0.16988622716927293
-0.25734145717237356,1.0050646135175878,-1.9908420321396194,0.1728259906114344
-0.25686556766591384,0.9978527319639494,-1.9874401663031573,0.17051684753808244
-0.2531661558308039,1.0014767912535594,-1.9910281439152195,0.17311972564771114
-0.2549189318729635,1.0014532695999765,-2.0110631201852356,0.16729778923899213
-0.25388369199464605,0.9929885341000924,-1.9720133574349974,0.17643927964821424
-0.25404033298603074,1.008557450695713,-1.9969320314958625,0.16593589129254632
-0.2597530775900539,1.01136493813765,-2.011235681067553,0.1736474438404116
-0.25644059543647457,1.0054740595603255,-1.9858947936195293,0.170725435344812
-0.25732337334590033,1.0111135971912864,-2.0268271364007053,0.168722869256329
-0.24861439541018687,0.9948706481971246,-2.0026757094965375,0.17349250169738564
-0.24879268321362846,1.0019681731125654,-1.9967760092956761,0.1666017190803428
-0.2480357732428285,0.994548875429714,-1.987347204360927,0.1721991754537783
-0.25065801716191033,0.99753228517743,-2.0014225611288334,0.1771738072279326
-0.2538019413812376,1.0064440401803425,-2.0219907496321206,0.16743404582962684
-0.2495232278856941,1.0022406475595187,-2.000701534466954,0.16741786698647404
-0.2501286710676613,1.0014370865840971,-2.001099613273787,0.1689684648370663
-0.2526414259973333,1.0003205935039334,-2.0054245651927087,0.1742819183038431
-0.2600572565797959,1.0011006327382563,-1.9866241915169152,0.16616740561118093
-0.2514606548695559,1.0143014049582302,-2.023187018516363,0.1734029604892595
-0.2485927597656108,0.9953526951098741,-1.9771748117369392,0.16543750550658495
-0.25701402829551173,0.9971882354931295,-1.9993528914586425,0.16756456187539503
-0.25244619182268857,1.0027447010639625,-2.004036634640213,0.17004251678830848
-0.2512900448136113,1.0070614202638977,-2.026565954349269,0.17126659971731656
-0.25288376476990854,1.00406442184524,-2.018359952945732,0.17107339087012344
-0.24831905374510901,0.995757456639631,-1.9800485190760113,0.16939882469214876
-0.2525371017173788,1.008687345522055,-2.0164665892740565,0.1682436128905433
-0.2525513896483327,1.014556771032443,-2.020827811388482,0.16685197686187025
-0.25508904011298467,0.9966493921702692,-1.9805760620320247,0.16796930185736786
-0.2562473671524132,1.0029498629949032,-2.0171823035464924,0.17845657634841394
-0.2585400695153654,1.005253368892816,-1.9852301881460637,0.16211785565508793
-0.2601418752292751,0.9990035398267795,-2.0047547224618905,0.16289681764939282
-0.2573494979675977,0.9962454616840937,-1.9869529361872176,0.16751906050469736
-0.2590339452661472,1.0152211445258852,-2.020825995244226,0.16835006467335834
-0.256886555638725,0.9896976916284607,-1.9801003170628464,0.16979956113103373
-0.25463134087558,0.9984068033098994,-2.005609984893365,0.1679625565670017
-0.2572674394209492,1.0048043666899127,-2.0088501006424178,0.17046625836193882
-0.2531957457184352,1.0050321976441103,-2.006115871993212,0.16973217435763835
-0.2554836272669016,0.9994858323339568,-1.9965622411918573,0.17092653997602786
-0.2534116272695483,0.9990270393271069,-1.9880135509838845,0.16515940034284646
-0.254657003069454,1.0025893405063886,-2.0120703886430347,0.16777054313961576
-0.2527946148132781,1.0001807095100348,-2.013564997630629,0.1802796589662805
-0.24602735359410488,0.9958244515610385,-1.9985508754657624,0.1723304021118911
-0.25343504122423843,1.0075071629550776,-1.9898723339628674,0.17892185049868276
-0.2513607109438501,0.9958969324889447,-2.000533376601453,0.1665553044935881
-0.26066253988021343,0.9988231511698273,-1.9959114457554656,0.1694434030691928
-0.24972103682239194,1.0065032546624662,-2.0054908723671927,0.1724023100883179
-0.25446964242879716,0.9991290710035583,-1.9934400185296803,0.1738313939941275
-0.2554985274726621,1.0093336686458343,-1.9948345377703822,0.17179945123912477
-0.24653987936709462,1.0019346545767256,-1.998247722452136,0.17364107576915624
-0.251141414136128,1.0136494321907967,-2.0200988834596356,0.17101321687313537
-0.25363344940717714,0.988260938793144,-2.009498655530954,0.16785953182051766
-0.24796599318743262,1.0097982354186645,-2.0068023259929983,0.17091789151256412
-0.25174066198726275,1.0039941519571836,-1.9945124830834966,0.17073993397216322
-0.26055560712795267,1.0114264782805886,-2.0105905326042293,0.17287132748869968
-0.24849783935287006,0.9931328449600498,-1.9888988658748494,0.16666101106674247
-0.25284876231668396,1.004442521857428,-1.9980126836836778,0.1652777421081729
-0.2556552257598331,0.9988547501557901,-1.9992687067336286,0.16646586683004239
-0.25598375993753264,1.0050452388035354,-2.0130956883357967,0.1693309966629578
-0.2513734167789609,0.9988784424186298,-1.9849349386075013,0.17119934647355184
-0.2491658644094422,1.0052940548074971,-2.0075941996770554,0.17280827483610872
-0.2542243340783562,0.9986170372967241,-2.0036208939344555,0.17561749784304095
-0.2556384909639056,1.0057141699322591,-2.0065700303113725,0.167789984969648
-0.24818193712627745,1.0042070974702986,-2.005286100645553,0.17046942884782695
-0.2547742769133122,1.0023325161646621,-2.002900896576813,0.1633484082624217
-0.25076037246124466,0.999765457160465,-1.9891540148625444,0.16745556871041647
-0.25028987567321637,0.9848574264229459,-1.9862958234340038,0.17161092369984998
-0.2562950404471561,1.0037186138978054,-2.0125904496795366,0.17083634103649176
-0.25335139185871,1.0061787929311499,-1.9932124720590811,0.17041821280469024
-0.25399909287106925,1.0039617119018056,-1.9972190245644101,0.166873737910128
-0.24695054523976434,1.0035138208061953,-1.9966985138545748,0.168419871014713
-0.2522739133524584,0.9943986378036309,-2.0087148843008515,0.1583397674768027
-0.2530889299210194,0.9971845605100871,-1.9886599627426442,0.1633872499666806
-0.2504799982215581,0.999588504646404,-1.9985300768707661,0.17219959773103138
-0.2557315967430508,0.9978548602776302,-2.0068778041504327,0.17112750163168194
-0.25384196467357606,1.0065838590032372,-2.001346642864092,0.1643630381867691
-0.24795841551848283,1.0042998155970886,-1.987430767642625,0.16963474214665905
-0.25250033272941935,1.011900255014959,-2.0154695209909357,0.16658245775458966
-0.25297821583626523,1.008535680559468,-2.026255733842307,0.16996658226959013
-0.25652671962486334,1.007460839401857,-2.014065750730504,0.17299296148094215
-0.24966787578063837,1.0018862269098527,-1.9937443090447327,0.16623700751407425
-0.2513451466825388,0.9983053259104984,-1.9874033741341013,0.16679419040430313
-0.25598764696089815,0.999434894719259,-1.9993391131681624,0.16714537905118831
-0.24947695298689918,1.0040663548781439,-2.0154128990285898,0.16760972225192822
-0.25501030950192893,0.9951778192166374,-1.9972947110993235,0.16815644736271093
-0.253374713453511,0.9997052990661025,-2.004846207424541,0.16827465025696803
-0.25712734221284805,1.0060909530330981,-2.004057482330327,0.1690101416897984
-0.25718677020060177,0.9981845028775305,-2.0086714606054503,0.16375125609098337
-0.25166077763363154,1.0116986337726686,-2.0191803835850695,0.1676581185829473
-0.2474453802609979,0.9964845443909924,-1.9986292303515063,0.16582076210382954
-0.24955167537354087,1.0046793285626892,-1.994962490673997,0.16771136647112522
-0.25335552354372326,1.007338985299987,-2.000244383683224,0.1685377611515459
-0.25428563634667534,1.0165106590012825,-2.030043291172356,0.16708612982142768
-0.2519685201650763,1.0180969382820544,-2.005395866889377,0.16932836734841547
-0.25204588318132043,1.0037731814786368,-1.9943532138252866,0.17018852316688085
-0.2499710152877289,1.0080805271157176,-2.022001943837649,0.16619540425883353
-0.2589428334152299,0.997984559017374,-1.9927137786764084,0.1687329092712477
-0.2502371344097751,1.0079551281698023,-2.0042499490467276,0.17551505511474247
-0.25712608456163566,1.0136069639013272,-2.0222252442070547,0.1692220978532299
-0.2507564833517872,1.0037439611396426,-2.004844904082962,0.1725438811071047
-0.25091667779782706,0.9970138574010182,-1.9849371068236776,0.17300116149906958
-0.25426998533955225,1.008556253604234,-2.0106822661068966,0.16732871630517535
-0.24936425569501874,1.0069252574976915,-2.011929824266324,0.16542175122258698
-0.24852582429986791,0.9974352849910887,-1.998397755480197,0.1686736840733815
-0.25186176698633,0.9960497206383414,-2.001544976274254,0.17086678001128086
-0.25620367404194716,1.0054683144002783,-2.004981776021383,0.16693661923293446
-0.2595521697203795,1.0078668439406817,-2.014298970309301,0.17027235643019184
-0.2487929300078165,1.0161554698682325,-2.0185688487735938,0.1693041445714571
-0.2555922258172369,0.9948405225810454,-1.9935735157256838,0.1684833157681838
-0.2619531903950862,1.0087163605632676,-2.0275407419901263,0.17217641949198312
-0.2525567677455442,0.9924169200222236,-1.996602903162826,0.16615169834576116
-0.25011119999684667,0.9993267715355064,-2.003850681701008,0.16947074416151311
-0.25143127722560543,1.0050267151325911,-1.9967394489463617,0.16869917462203246
-0.25066745494696824,1.0099893294464322,-1.9996854661695667,0.17333285690142167
-0.25649311163005,0.9909241217341139,-2.002722624935948,0.17004209914600796
-0.25238969484658175,1.0062253765937577,-1.9940451417092357,0.17564322426431292
-0.2502043561316793,1.002729203187418,-2.0039749492099874,0.16523948881419012
-0.2557630778536059,1.002393965921427,-2.0026795513762563,0.16961022195123723
-0.24679713384402358,1.0023734853965185,-2.0122611297321447,0.1695221628647525
-0.25997448015382624,0.9986113672989052,-1.9980800752426597,0.17378724627177444
-0.2539376286338243,1.0030030771516256,-2.0096040469328873,0.16730362033697044
-0.25349034555080363,1.0099030102714637,-1.9975994204906984,0.1678873222669964
-0.2576098108709189,0.9982666910357846,-1.988289149600869,0.16693003097812079
-0.24832680669252774,1.003627855696309,-2.016145333964916,0.16739269833093318
-0.25077878670823545,1.0001666414849766,-2.0033351675732143,0.17460111352396143
-0.2545952189114057,0.9936743629521052,-1.981126235585699,0.1653414819488639
-0.2528694934073021,0.9950321266517514,-1.994728776125444,0.17347205641562233
-0.2569151568219075,1.0041408749167198,-2.019082870420603,0.17192937249724122
-0.25264704717923925,0.990352846279945,-1.9853769220265647,0.1673536786408606
-0.2540561813431031,1.011245797876856,-2.026864830901734,0.16885606163669326
-0.2513881529150669,1.0096089397742043,-2.0101130599645334,0.16965042983687048
-0.25471990422177543,1.011699650477619,-2.012744730646228,0.17838655689764205
-0.25799146280404395,1.0019325382523399,-2.015330219638942,0.1613222072394538
-0.25153267735071,1.0049621641962894,-2.0096163417364146,0.16504842837805186
-0.2556763986319232,1.000017378829617,-1.999772836577857,0.1709883184694848
-0.2523080917529784,0.9985837735004469,-2.002055744604113,0.17521776074517934
-0.2557585155043637,1.0140800185741283,-2.0365839106977157,0.17646592501594274
-0.2556749796656709,1.0068766115667085,-1.9933462500640375,0.16817327739717414
-0.2538584376049947,1.0095924690098472,-2.0042037698542834,0.17295121887038417
-0.24728660860408735,0.9898881833044082,-1.971499810584226,0.16365412611071067
-0.2577227250000643,1.001556480113764,-1.9907995994540635,0.17070772953836028
-0.2547067525341861,0.9928419418519365,-1.9899592628603335,0.17772846169893033
-0.256927046694507,1.005625965157134,-2.0099214778896357,0.16575857067271274
-0.2540378139563289,1.013563464138218,-2.0104771124602077,0.17667943312057605
-0.263014453024556,1.016805668167639,-2.030470068456155,0.16963571457728388
-0.25212351339655137,1.0148652847886983,-2.0449907135436063,0.16825671162702296
-0.2518864158048801,0.9955354826910338,-1.9966314733580985,0.17340516941611506
-0.24771728509062904,1.0104493007399338,-2.0039040917645035,0.1767925869730403
-0.25053825127571977,1.0088658580180299,-1.9934062411560147,0.1704738972853721
-0.25073770275798035,1.0025753571980296,-1.9849090417648885,0.1724782855062317
-0.2591930667248263,1.000299584736201,-1.9853367675486477,0.16875197565753292
-0.24979631262024204,0.9963022656439294,-2.0160972341781855,0.17266518191781902
-0.24669151250495586,0.9971667641578442,-1.9939088819511201,0.17422672166566033
-0.25423417529408565,1.0092815054711577,-2.005051309161373,0.17106963406290576
-0.24693576455028615,1.0047884340263582,-1.9932571026110426,0.16978960464809095
-0.253511082204075,1.0125662606132348,-2.0177501696193403,0.17291076568007296
-0.2577916956712608,0.9983555882746538,-2.007366005937079,0.16963081823512616
-0.24926685501670073,1.002694231921251,-1.999784135436226,0.1693648810836272
-0.24997730353434908,1.0064932773232373,-1.9975680254801798,0.16078348351719027
-0.25206371486227624,0.9895502175050497,-1.9962377562465723,0.16309818549988297
-0.2550989891351845,1.0090675755120397,-2.0199634047331907,0.17163587125010674
-0.25502320780501425,1.0017651513787589,-2.00039341727608,0.16582695558364113
-0.2596911527921432,1.0104566391464305,-2.013724311194738,0.173976600910684
-0.24729433953999755,0.9989937805527914,-1.9886394538334078,0.16951521571942693
-0.25053825676418556,1.009734194567224,-2.0316319912218854,0.16278133169458228
-0.2501523581837916,1.006559067528022,-2.0057491956907123,0.17029381120058032
-0.24788674241092454,1.0036016692968304,-2.0037293013597774,0.17300653065455482
-0.24391138563802023,0.9913113410942982,-2.0022576709296285,0.17219759629288336
-0.2543092203575476,0.9919491524177734,-1.9881016866812813,0.17156419635382206
-0.25971254809585137,1.0124704056200036,-2.0196071264971622,0.17722546714470158
-0.25047633748310155,0.9993991726667765,-1.9925943266070882,0.17307586649098136
-0.25405765084336107,1.0096317164478492,-2.0179764377687177,0.16703152657295786
-0.25339296510936576,1.0119907057437225,-2.0067116513364067,0.17754002085356063
-0.25557419615602134,1.011068053751943,-2.010599730770462,0.1684729446162286
-0.2547100270988964,1.0078475768039497,-1.9930732667104996,0.1699970814256557
-0.25107235137441275,1.008399651027107,-1.9988813705310169,0.17253705729633748
-0.25047200352886817,0.9976351221535869,-1.9999986141825044,0.17041337390547392
-0.2498723290313578,0.9971406103325924,-1.9954470787977145,0.1655609817400637
-0.25045476301000436,1.0030415750344843,-2.001825509060111,0.16663283172390614
-0.24769042668473268,0.9990700129548835,-2.0126012842313736,0.17311275076762647
-0.25682791893741375,0.9919084444999976,-1.987869816937232,0.17226724982674552
-0.257807621515649,1.0053130067558111,-2.011845689677938,0.17145690097767063
-0.2548426113904619,1.0035914488220932,-2.017060216427214,0.1679431919174918
-0.25691005530897654,1.008690549108994,-1.9992061328679396,0.1685234665950035
-0.2567774132011034,0.9970549840369747,-1.9993811691353662,0.16959770810399047
-0.25042974320906497,1.0039501039506027,-2.0075717895456577,0.1728073795501061
-0.256482343885271,1.0104188398059282,-2.0220572665271344,0.16321972111940555
-0.2538955540572885,0.9989485331962039,-2.0025234717897313,0.16669347932812245
-0.2558856964603211,1.001825446258291,-2.0009658511001764,0.17197205443402622
-0.2572743347697552,1.0138232871108033,-2.0139838950264624,0.17083181090664398
-0.2521930837261931,0.9996235298933244,-1.9956009058830368,0.1731542639739075
-0.24839823153777482,1.001808439420078,-1.992238488637596,0.1655783790667646
-0.2507749793018282,0.998403609681575,-1.988989931702385,0.17238226512254642
-0.25865389733663374,1.0046875096803216,-1.9878454614131655,0.16337282856732008
-0.2613301357634306,1.0132553186714044,-2.024089936424954,0.17110050873731342
-0.2512595254199653,1.0072846353908138,-2.024082818258787,0.16458982527759197
-0.25317749042036725,0.9992383668224423,-2.0095532479742793,0.17250224155341376
-0.25521538362398727,1.0076163357559373,-2.0006295101025584,0.1661336139082878
-0.2519742141200646,0.9944749128673145,-1.9894157786750009,0.17241029857641965
-0.2585391976497686,1.0059650389294892,-2.010182757643292,0.16738705240502708
-0.2543305787157005,1.006839602923934,-2.0184876078904233,0.17417600260061092
-0.24970014550909828,1.0062889860370374,-2.002289183327947,0.17085945767216984
-0.2464355313488123,1.0055797727496698,-2.0065425497723126,0.17524988410540948
-0.25655710148085875,1.0055444291044882,-2.016917692663606,0.1694478013946461
-0.26251633000110747,1.0081464891094296,-2.0158022858012754,0.16604323467454932
-0.2526006369574538,0.9946312406610829,-1.9749251646092727,0.1738981154366188
-0.2609025089255149,1.0060704904638345,-2.006053369231827,0.16926399071547443
-0.2546512433546838,1.0031301979903111,-1.9994148771379217,0.1653513085776737
-0.2516212906146799,1.0062796212470235,-2.0074962735489907,0.16659865808124044
-0.253043825189848,0.9935530871005157,-1.998360298979089,0.16281455712211773
-0.25719222293206007,1.0060636497585356,-2.014220537794462,0.16943557540130993
-0.25580732374957,1.005491901871854,-2.0083186084530227,0.16907372457766853
-0.25152215207351397,1.0007995400716572,-2.0008641677249916,0.1711145335497724
-0.24883222869758534,1.0082295644506822,-2.0135113766769366,0.1776471957221571
-0.2659703037324529,1.0135425445305886,-2.024060436572177,0.17152737416801633
-0.2555594391354834,0.9971278828133717,-1.9917283336583052,0.16589995307673966
-0.2508193792889537,0.9992018605644424,-1.992889838204895,0.16418199210215056
-0.25184825215420314,0.9900710403369284,-1.99625930945933,0.16762490389428017
-0.2540377490425048,1.0065093035721286,-2.0046082603621027,0.1739972103293181
-0.25031182284545694,1.005918110619769,-2.0053752190321723,0.1727240639129035
-0.24871989283775506,1.0147291181717577,-2.0273430426630927,0.17037484603617797
-0.2563638993301136,0.998019769119477,-1.9982285384225127,0.16721913372329783
-0.25727555257751156,1.0112958604083573,-2.0212510136480915,0.16641574303585224
-0.2599643415040977,1.0031011763094257,-1.9962553534511362,0.17007724538948787
-0.24269002116867347,0.9993374840855701,-2.0116771713546453,0.16790275004982275
-0.25583400900070513,1.0175390512996731,-2.018099538009513,0.17094420536420926
-0.25109943913215654,1.001095309664282,-1.9986701364403052,0.16722701592261238
-0.25469389354675886,1.0057574484982232,-2.009421567757486,0.16646583496199524
-0.2505548672274115,1.0063467071783225,-2.010846467702768,0.1688718403511763
-0.245274924962414,1.0064619860102315,-2.0012951749769683,0.16749269747636406
-0.2555574049637454,0.9989820976482416,-2.0105544534794983,0.17700437491950297
-0.2589520948855323,1.0084093859900631,-1.9968604606534517,0.17037906559691038
-0.252758198689254,1.0034723292256635,-2.0243738863546006,0.17733018708293471
-0.2526829429543885,0.9904591376489914,-1.9637587486644068,0.1722906217152417
-0.25149083476487066,0.9940462160511727,-1.9837354897219517,0.17046121800129696
-0.2525541243269674,0.9919506231578796,-1.9853316607187002,0.1687316190282351
-0.2498374224923945,0.9968631425349751,-2.009129003347359,0.1679847720181677
-0.25286593636269616,1.0025013244938235,-2.0145774028524643,0.171491928629536
-0.2448993040384458,0.9882354661491175,-1.9807369894112534,0.17017303258242533
-0.24999680323798165,1.0031689583386314,-1.9894311294853952,0.16273106899152517
-0.24994880815401155,1.0074148310308757,-1.9969096589828577,0.16870098738461817
-0.25204134929101496,1.009005442199858,-2.0038765404898617,0.16843412397257687
-0.25177323800345747,1.0024259536285471,-1.9947695259677867,0.17310629856564724
-0.2562130217697636,1.0032681707456386,-1.9954902782379271,0.16947745675208778
-0.2584317733494329,0.9957203519403489,-2.0027290063319105,0.17325005711361033
-0.2568289575022107,1.002066380071005,-1.9943769878829265,0.17041214029844567
-0.25808306379400825,1.001158891459136,-1.9934577700427543,0.16715601988964027
-0.2576235474272623,1.0062272294280454,-2.014751514633762,0.1684356734306514
-0.25614031808615606,1.0088255307902039,-2.015670705202637,0.16499173997246466
-0.24980994282067567,1.0012505541352295,-1.999596591314547,0.17222443170173882
-0.2507916940659594,1.0050737393430749,-1.997113569329756,0.16904408347786232
-0.25332232879769934,1.0124998663484646,-1.996766104185812,0.164014325536965
-0.2580443200423551,0.9985355256097034,-1.9806897754606447,0.1759416293791347
-0.25141971931029417,1.0028625986053947,-2.0070808233053663,0.16798492487951397
-0.25321617659975454,0.9979473867384918,-1.99809124038972,0.16822327950535437
-0.2555762803472586,1.008579555017713,-2.0029604151437486,0.16045902698191122
-0.24561916517950613,0.9983538880139103,-2.00007219057649,0.16689261862652183
-0.25469527562898897,1.0030026146938245,-2.005783091391384,0.16722630044705997
-0.24839130214488664,1.003120958089448,-1.9889723101747723,0.16416628211100767
-0.25328423709492204,1.0041153956729274,-1.9987155681075064,0.16723342786182369
-0.2534198093206002,0.9968187657810922,-2.0000347025804435,0.1637031960699373
-0.2541969060079684,1.0035258637534454,-1.998725219653582,0.16503857238679848
-0.25970138567427514,1.0009138493177268,-2.0095529460644546,0.17044974050045142
-0.2580221238215346,0.9979971514913853,-1.9892701583601706,0.1722162213706685
-0.2500909124587055,1.0063334500660805,-2.0112711577079256,0.17192282239990042
-0.24539807214669612,0.9956526267955661,-1.9934748227795582,0.16639176571716469
-0.2564789904835017,1.0077599797986108,-2.0211086770246505,0.17757090512703091
-0.25068602607573076,1.0066285055891422,-2.0062671736705586,0.16845374524803228
-0.25521241324644733,1.0021277551464491,-2.00882193798828,0.1668629873380253
-0.2536876820560195,1.0005435374914535,-2.002536631976286,0.16610684522897828
-0.2593669965871389,1.0037396439934583,-2.008350062771255,0.1700773883845801
-0.25043189339181054,1.0075560755165813,-2.0017245057273985,0.16266313560487144
-0.25676977867592127,1.0019095890742153,-1.9957067535708104,0.1611423960852192
-0.24987308312897752,1.0037802437820835,-2.000267839067643,0.16674732353050542
-0.2572044175738522,1.0013594849662126,-1.9999766715870573,0.16836460258938535
-0.25414848525446565,1.0041164516670698,-1.9926847856663994,0.17005506072362145
-0.2522691708790385,1.0065575799913196,-2.0084474791578146,0.17471867347667722
-0.257941205776051,1.0101531523681826,-2.0020013414442173,0.17023738524161694
-0.2547343751728881,1.015015830835593,-2.005885491770039,0.17071666938053012
-0.25596116850069545,1.0014495748709256,-2.002575199955577,0.1710828568163399
-0.2531549403657075,1.0013424123333574,-1.9867613826407604,0.1743234811850211
-0.2517362685066111,0.9943900057137539,-2.0040022929610246,0.16976246142699644
-0.2525384277714872,0.9934891029010702,-1.994934296424998,0.17078586958003653
-0.26107061497171824,1.0152867606120803,-2.0159713549073657,0.17089856138395942
-0.2566619569415815,1.0040187209439775,-2.001663221331368,0.1646159234757668
-0.2578137111218819,1.004095941334728,-2.000724728802942,0.18077372618698592
-0.245443874188592,0.9846559393051681,-1.971811428804135,0.16434346002108463
-0.2563082693176844,1.0024148870026395,-1.9844844834854147,0.1631490192858789
-0.25435018082755706,1.0023443568987993,-1.990767870784301,0.16587598616728075
-0.24963049583742541,1.0001531523865799,-1.9982739977562876,0.16989546868066885
-0.2500379664429603,0.9992680379523486,-1.9965396009427754,0.17280087583903003
-0.2554465757946323,1.0076605278682087,-2.0151352762593757,0.17612341336222334
-0.24924665380399874,1.0189715905258128,-2.03636378158111,0.17097801123073533
-0.2506992807674811,0.9963562772804138,-1.9828411674738988,0.16622918368021475
-0.2522946070797267,1.0010720126266153,-1.9968230656592478,0.16688286792670617
-0.2518516114358997,1.0027802635296572,-2.0127611648263293,0.1706690041787885
-0.25531501122150574,1.0117628542329449,-2.0046544835837223,0.16523450595235287
-0.2520914367228649,0.9968464500356908,-1.9874088806655177,0.1642748488481748
-0.25403262227026097,0.9889186131355256,-2.006594818188059,0.16682918474701391
-0.2522407713730872,1.0037866176785302,-2.018759987400799,0.16768603759370376
-0.2542389834441929,1.0020843882799453,-2.00611015158428,0.16748991445679465
-0.2512232521661324,0.9916524683932451,-1.9828070475376374,0.1656950711005692
-0.25271368403729855,1.0021777058656927,-2.00606746658485,0.1707869760767223
-0.24749817164286836,0.9964224259729713,-1.9978947335272281,0.1677034417336761
-0.2537133033177037,1.0028768437487188,-2.008340917063717,0.16967927562608115
-0.25651150004610357,1.0019780008052683,-2.0170537920377725,0.16465844314792344
-0.24857353381909217,0.9984259568014183,-2.0098249341180208,0.17095704854177213
-0.25310939583532543,0.998412051446798,-2.0003749333662286,0.17291912935746803
-0.25452028922584097,1.0004266884411221,-1.9973148321231013,0.1714598742647295
-0.2462052914565315,0.9902627944432908,-1.9973869394901216,0.16537398579761156
-0.25650896192945927,0.9975023030738828,-2.008206206999716,0.16336759253446223
-0.2494305659354936,1.002284700164061,-2.020684101113192,0.1735804412948542
-0.2473060283010475,0.9950059384095015,-2.0074040764928505,0.1780092314326492
-0.2511803430752507,1.0018861306616211,-1.987991617426338,0.1656648390597982
-0.24939566813724443,0.992288660556489,-1.9885396862546925,0.1760342398617622
-0.2513808412555017,1.0116090727256966,-2.0208305263564803,0.16797912115170097
-0.2507884685641442,1.0014720483382635,-1.9932745811523829,0.16624969571092915
-0.24903024992467673,0.9866726440625686,-1.9747415485203992,0.16754548265394859
-0.2549371223946404,1.0062374211497995,-2.007717837779593,0.1717244452295707
-0.24915056135203426,1.002286138943343,-1.9945118720948298,0.16320498773253017
-0.2539511406918477,1.0056492160652108,-1.9991985116363746,0.1629152605207096
-0.25719259320111976,0.9982667444867578,-2.001212758805976,0.1689380618435632
-0.2533555889450965,1.0034789108801716,-1.9977066566473127,0.17563046997143858
-0.24793724452620747,0.9982374423979385,-2.0148959500449846,0.1696200978008481
-0.25254949487831185,1.0008305196304046,-1.9948870214107033,0.16930933607172297
-0.2557756799220378,0.9959939966280883,-1.990744762116732,0.17213853447667254
-0.2592804171218867,1.0035695792647765,-1.9943463633289105,0.16526810068546213
-0.2528379335104303,1.0005857716851734,-2.002799907292632,0.16506304691976392
-0.2652032325531463,1.0021917120591333,-1.990086506895166,0.16623204642270356
-0.2479277131409642,1.004542192185474,-2.0255715677926265,0.1693562965820517
-0.2543623947673289,1.0058364488428293,-2.008688416219375,0.1741729144475686
-0.24814541683817828,0.996011094679957,-2.011388995472617,0.17280954794711728
-0.25195395910749124,1.0100215547891038,-2.0081280976342986,0.16497457007606708
-0.2507598158214886,0.9989030848849235,-2.011622591323579,0.1708857405549249
-0.24658668108651513,1.0043190443591699,-1.993677399275131,0.16934448925473902
-0.2556754580547089,1.0058297054172558,-2.0016506509000047,0.1728810508897933
-0.2572711076311105,1.0068465178646355,-2.00754144644915,0.1762786924620774
-0.2532791511485949,1.0044295809893957,-2.023533656080792,0.1672332839982133
-0.2576237073608806,1.0049822614535209,-1.9964948989448799,0.1763616942145894
-0.256495627835911,1.0110254037746864,-2.007881091658634,0.16345069088535047
-0.25064017511262776,1.003536594418581,-2.0021501247392783,0.16518713104614
-0.24969786799750976,1.0160201463590257,-2.021633396466637,0.1644821203523374
-0.2560054941958214,0.9986566576037015,-1.9890817571505024,0.16270048890663025
-0.2491054730516637,0.9980667756538365,-2.0011447533952804,0.16845868699427224
-0.2517486285854629,1.001295460788525,-1.9946223011580524,0.16139368649630448
-0.252290688980507,1.001994398000163,-2.0021781188022403,0.17669422404288684
-0.25080476977185817,1.00329227885871,-2.00920147351595,0.1681267839306986
-0.24994478443421594,0.9999412550331603,-2.000892972641088,0.16828065014044416
-0.2558155027358159,1.0072480497024536,-2.0061013495751867,0.16891011434139896
-0.25563501627405033,1.004025334790158,-1.9973335765604094,0.17254899884485703
-0.24246549743483872,0.9984751572132275,-2.0037045515682026,0.16540162704393224
-0.25277623446151043,1.0108077751899616,-2.021572380149721,0.16971789758858577
-0.2564249287949054,1.0077995531743493,-1.9979474346623225,0.1691230124488891
-0.24639888216511893,1.003875726132905,-2.001763857271175,0.16648612505775362
-0.2502232498866285,1.0035635460855512,-1.9968488695657662,0.17186262117761836
-0.2505791410481815,0.9994943360378957,-1.991066379243913,0.1673976670405936
-0.2471988807026073,0.997550572773596,-1.9663218105165798,0.17053761356987002
-0.25437852162848706,1.0162588460784943,-2.0308922208951303,0.168089943735996
-0.2536407034863054,1.0022199731238084,-1.9953523993370526,0.17897268395699018
-0.25489606696793216,1.000017672154808,-2.0177977200692983,0.1760129951899955
-0.25208505576186757,1.0054763123522519,-2.009629036129688,0.1611222286081763
-0.252389184581158,1.003425631930988,-2.0095580559282387,0.17449910446326042
-0.25421612390188375,0.9988621404365803,-1.9974923331660814,0.16978842626074894
-0.2532568307230414,0.9977111809202052,-2.010766176946243,0.1745753198363726
-0.2494742672327428,1.0103297294467777,-2.0242826593627528,0.16400920161571256
-0.2509433629528373,1.020727029513702,-2.031598000410972,0.17242300371177283
-0.2504672800854727,1.0136100014477911,-2.0163531820046843,0.17658864547275124
-0.25039116538003003,1.0123043472988689,-2.0030070544354115,0.17049573765314643
-0.2520645879058981,1.0084667719575287,-2.004948651298263,0.16869135755520911
-0.2565832687293557,1.0077259872885573,-1.9993268600346246,0.1740262560492215
-0.2557804416910525,1.0009979740681876,-2.0150189694527247,0.17259926514987262
-0.25655812692094676,1.0032491289669094,-1.9963461178015922,0.1765007867768314
-0.254388800714406,1.0078627475404278,-2.0125420398055205,0.16921614268670954
-0.25285765982810837,0.9933324221385839,-1.9991383004152676,0.16722767944302086
-0.2561903836567456,1.010419633108954,-2.0134730146980706,0.16928180442878335
-0.251535597843166,1.002954882581607,-2.0126239277405427,0.1698821623925613
-0.2535046126528429,1.0057286582887843,-2.0105456507684014,0.1665400101799731
-0.25061884817586194,1.0070548311156202,-2.015391488632336,0.16907898338782104
-0.2570640883726646,1.0092468268068435,-2.004967482665193,0.17393929599703997
-0.2502995853698998,1.0045340728931191,-2.008703425721637,0.15947426818149443
-0.24998066727702956,1.0065747878835911,-2.0110734533170698,0.17420983180952462
-0.25231950395409225,0.9931698174198863,-1.9929951532781423,0.16712292570355353
-0.2579871921378255,1.0112014254722406,-2.004414466040979,0.16796632375047849
-0.25897713568555003,0.9935601933041399,-1.9881529161608942,0.17013478585104477
-0.2547098878541632,1.003139734779737,-2.0084145986162927,0.1751779802927347
-0.24686931728526817,0.9980603406765582,-2.004132430039598,0.16758591046937724
-0.2545409226881606,0.9970714145887107,-1.9879301929855155,0.17222945373545867
-0.25458835736925167,1.00346126365233,-1.9935820911610445,0.16304747469624514
-0.25497808182116327,0.9939183427159252,-1.969260579025025,0.167435853205454
-0.25122423487441164,1.0094217436058384,-2.016800255706049,0.17205187827781002
-0.24686948001069758,0.9911089848709094,-1.9823064704605438,0.16303308921857246
-0.25106227426999267,1.0089673435105584,-2.015330422573469,0.16826534088210243
-0.25089745660975327,1.012140008035739,-2.0063154952372253,0.17012120896698868
-0.2572616792012418,1.0075211148349121,-2.001817399742325,0.165274710461789
-0.25614858099371574,1.0014289859838896,-1.981276275335891,0.171100930074045
-0.2454332449527032,0.9957581885254237,-1.994115065588502,0.1722840224822016
-0.24866779452081478,0.9912813556015894,-1.9835475408478869,0.16242623347711363
-0.25430251923738834,0.9978748453114782,-2.00179902828753,0.16114334052720564
-0.2579638710964548,1.0196913237843426,-2.0553743315875597,0.17399193464973384
-0.2556440640713335,0.99607580843751,-1.9828564654739922,0.16535861753222403
-0.2483347761192481,1.0038175868621801,-2.0093852234488048,0.17140103257862593
-0.2510310896281128,1.0015831977510756,-1.9911995542352758,0.16720611787324824
-0.2563890266843201,1.0022988814733405,-2.0072843257606636,0.1749425289946768
-0.2556496727020563,1.0043116912378494,-2.0012749588656362,0.1723707394110114
-0.2530871966077474,1.0019926849169571,-2.004383865304975,0.16639360810784184
-0.2598326035562301,1.0090014320787681,-2.0146860731712266,0.16989049531698683
-0.2501594915196289,0.998283116429781,-1.9912174452456697,0.1664817061302203
-0.2536753238235042,1.011765721892011,-2.0087416250947694,0.1689274656414897
-0.247271098745824,0.9905638925761578,-1.9829312660058125,0.17004139367122043
-0.256881347496069,1.009525165674301,-2.0172862705671175,0.17123799999666406
-0.244537954700175,1.0013704694065246,-1.9960259310684425,0.17081766778799573
-0.2529026774101976,1.0051954618137804,-2.012506200912882,0.16993167429887804
-0.25550297947635925,1.0112200983565411,-2.0115729027661247,0.17291539312199639
-0.24737302536570724,1.004141526224309,-2.0129134302282017,0.1651339553949892
-0.2514556815947279,0.9948951727887466,-2.0011561976439634,0.17312315077099832
-0.2548113239921182,0.9969148498646347,-1.9947899461202736,0.17299618541971967
-0.25769173813509477,0.9998485393828765,-2.0025011094900904,0.17234015444589407
-0.2557296451641172,0.9998754200087162,-2.0205696046168224,0.1665249194476625
-0.2529754292827343,1.013128561017675,-2.0247963534804025,0.17029358569528386
-0.25081108266299273,0.9944633581110169,-1.9935305984154539,0.16489894965390386
-0.2571656293732147,0.9969539751051055,-2.0055466805949402,0.17152180191603061
-0.2536927026336223,1.0044538316728477,-1.9953405802617845,0.16864672689669538
-0.2464306656555513,1.0064829506085364,-2.018583491910715,0.16770931203032047
-0.2530023398444429,1.0019536865753929,-1.9954932764301978,0.16723266780973114
-0.25711340084414297,1.0113570967566607,-2.017662090851055,0.16886297439322662
-0.257481233763004,1.0083682240395455,-2.031387433614386,0.17641752078499584
-0.25860502699359833,1.0139829302696128,-2.0161802148858428,0.17224997963261002
-0.2567891758433568,1.0075384993922862,-2.0102727262855096,0.17305693623141433
-0.2506489175377707,1.0137033199872378,-2.006601024758546,0.1680300036394231
-0.24581565564410088,0.9972223082991319,-1.991689716670381,0.1660866468742086
-0.25456690453406344,0.997905548866556,-2.003225146275136,0.17097607632756423
-0.25733017520903995,1.0012475726805485,-1.9995887665889736,0.1669488695172755
-0.25351981977187793,0.992617936540326,-2.0044917647805223,0.1764482655861099
-0.25157971384379424,1.0028015221857587,-1.999129330509603,0.1706137370133408
-0.25142020201859727,1.0089090398200116,-2.021770801938384,0.17714840207424232
-0.2558532190592501,1.0116880135928117,-1.99560450126879,0.17148243805798646
-0.25636847157831155,0.987055175157608,-1.9984404938839675,0.17271415646104313
-0.2502752390219069,1.0057623183015378,-2.0195194570709245,0.16387243700764778
-0.2571443262592839,1.0059261815674592,-2.000170733699775,0.17047917222554096
-0.25852460411651246,1.0028369919528979,-2.0067101164747134,0.17624158488681255
-0.25256072956815917,0.9981367774974278,-1.9933824962049143,0.1639979661899626
-0.2503697154923952,1.0090564704416072,-2.0043940640424336,0.16890520991899238
-0.2485058383018988,1.0170151113077552,-2.00714349702256,0.16527348357724783
-0.2550274161185473,1.0067585253198652,-1.9931077507281012,0.16839983856275223
-0.24772487782665864,0.9950727918472505,-2.007730065667701,0.17183774854516595
-0.25003882589052406,1.002850529495827,-1.984149167745325,0.1635827443947344
-0.25381026237380533,0.999109707798294,-2.000526044085994,0.17543096769395033
-0.2500791332256279,0.9996344460866159,-1.9984704268532671,0.17009594963786823
-0.2569344084882397,0.9982160643105475,-2.0062422550328276,0.16957502126394094
-0.25122730333862686,0.9946611944514632,-1.9790265429904976,0.16707076978600874
-0.25970373018050535,1.0006990011733325,-2.0115390050877355,0.17619010741463909
-0.2508047138510686,0.9881924703165326,-1.9787403389293237,0.1647158640160059
-0.2527008360047676,1.012303284632732,-2.018455275435717,0.17307422238205813
-0.25523628907161444,1.0065463284315193,-2.0178089216217066,0.1710277246422259
-0.25367670073552223,1.010726479392118,-2.0203229157180678,0.16723109991441942
-0.26041817433947484,1.0013793269280378,-2.0051242301235797,0.1706897072890851
-0.25464580220501476,1.0164904623936448,-2.0149734448130703,0.16665919749389965
-0.2545709714878681,0.9956422496568837,-1.993293698475555,0.1654183742799135
-0.25801539924603417,0.9933276630842615,-1.9949080091988327,0.16748739420384468
-0.25404971219349987,1.0050507878533859,-1.99716689486428,0.16907989499532808
-0.2511412098246717,1.0003788423970068,-1.9871914607148413,0.16771752280101193
-0.2537450941915717,0.9976324720665888,-1.9775375310543726,0.1747447530329237
-0.24893399219766357,0.994574907220005,-1.9955102331634171,0.17435908271686448
-0.2560478864403775,1.006473697089198,-2.0004688598234455,0.16537796602739713
-0.2576271585290792,1.0126016908401105,-2.011654718410154,0.17025536941437902
-0.24884128127215205,1.001573065925254,-2.0044055891143504,0.16856497529404676
-0.25039497596200655,0.998173395453743,-2.017114167769369,0.1704101815063964
-0.2513762523958071,0.9976069212527904,-1.9881507235273819,0.17308975771424767
-0.25086048984201886,1.0136058358842186,-1.984760649681506,0.1708273278763626
-0.2506109724507978,1.0061715378567786,-2.008958290529596,0.17108948050159928
-0.25515203881313453,1.0012320109673556,-2.0274692644939085,0.17264681468933268
-0.24919279379039033,1.0089246294313547,-1.9960194694568516,0.17540324556400472
-0.2584305338133258,0.993617586433712,-1.9879450012961524,0.17235719675997171
-0.25047034327684015,1.0009999434310852,-1.983983602543816,0.16467323793070512
-0.25455356999072537,1.0073697143752889,-2.0246887318211018,0.16779563924281193
-0.25399575902172067,0.9968417455486314,-2.0012898371984353,0.1698026811529692
-0.2467506629095691,0.9995974692289787,-2.0108428901621838,0.17038126367386092
-0.2548682077403097,1.0113748161883178,-2.0062176077443508,0.17633575852802777
-0.2501576048174738,1.0099131394599092,-2.006269290240922,0.16759302225121178
-0.2572991038112573,0.9995907657203519,-1.9961138872373914,0.1735055337125471
-0.2554816377386056,1.005834826102288,-2.014760891389091,0.1701100505961036
-0.25807722022149016,1.0131582463331306,-2.0109500762790393,0.17212407604119928
-0.2509990196556829,1.002669270055291,-2.0019462458326305,0.16625430238338013
-0.25847780729501785,1.005056352609642,-2.0156125215867697,0.167105109923743
-0.2533828224833382,1.002900000656548,-2.009372331296767,0.16856427619216405
-0.25390177283654536,1.0063185552718759,-2.0023404529036157,0.17282256656962697
-0.25283546282272557,1.0094509612794427,-1.9975452033710621,0.17924802298949097
-0.25747036555793207,1.0091077162890827,-2.007073747590105,0.1776535534396574
-0.250385047390788,1.007234200213623,-2.0012106844566304,0.17132973364344498
-0.2542916749945401,1.002560241563869,-2.0094847437357504,0.16809811628977334
-0.25578521994058806,1.0130670340636994,-2.016879791221616,0.17429236253895644
-0.2540451562799921,1.0091853113311047,-2.012042651037885,0.17241075082283644
-0.2622062290708651,1.0118463605214398,-2.0101289035118235,0.1726563398426669
-0.2512439348535738,1.0056610440706186,-2.000780806769252,0.16782034500844537
-0.2452355371454622,0.9976501740098639,-1.999950430940388,0.17175508194737926
-0.24902985327279434,0.9945074253124139,-1.9763130291671585,0.16741915643968983
-0.25600114037742644,1.0022242889328632,-1.9930051016103119,0.1627996875722428
-0.2557552519363944,1.0029065747178048,-2.0065421238140217,0.17291968935804183
-0.25246338192697687,1.0088204895493638,-2.0059219585342514,0.16958717312432006
-0.25261036221961986,1.0024940886740799,-1.9957593913446168,0.16271068756994722
-0.25327047173003553,0.9991765495660117,-2.0072983927406223,0.17266788110158654
-0.2524616860300098,0.997302777439194,-1.9914821243299896,0.1666380673474858
-0.25348117512746465,0.9957690335509821,-1.9761263836696834,0.1667287353649046
-0.25259906941560734,1.0083642241934292,-2.006661529067782,0.1682078373534978
-0.2544365938101833,1.000912690475996,-1.9917321132311636,0.1700612654287437
-0.2580916784048109,1.0056809898463597,-1.9993331689435065,0.17332556610717878
-0.25083874235507336,0.9969864628071246,-2.006528184938098,0.16997392945828493
-0.25199044306907714,1.0081329158784087,-1.9867718682914448,0.16674369452369303
-0.2487557795488354,0.9896176708497417,-1.986135637861203,0.1762247000636676
-0.25288379116537313,1.0160517453059779,-2.0177989581182634,0.17725977437356863
-0.2524791704996419,0.982543412703943,-1.9841457617781026,0.176496116171575
-0.25618253572172317,1.0054042966305978,-2.0186228345211306,0.1649073587148598
-0.2520432697273664,1.00501327225155,-1.986200972615122,0.1702061244333212
-0.25611862607878144,1.0176797882319577,-2.0194993557165337,0.16680876310267384
-0.25933929352862917,1.0078140032394471,-2.0060817523519594,0.16571105506173137
-0.2493773937949587,0.9936033971419245,-1.991829853002899,0.1663087122007447
-0.2548385150877703,1.008332842476002,-1.9972041644203427,0.17026889864086994
-0.24743849727913889,0.9918575008278607,-1.9698802590797864,0.17283453933262907
-0.2519669284223792,1.0072189391617397,-2.016976012890898,0.17054948609406198
-0.24924372269490358,1.008136841481384,-2.017671999352401,0.17350708106321913
-0.24849115118956316,0.997657730500465,-2.000520722611934,0.1667419408939642
-0.2526475335719203,1.0056384381898484,-1.9977053667569633,0.1694952530174218
-0.2513126060590109,0.9952391782485689,-2.001979100746984,0.17298814315183644
-0.2555703215852161,1.0067612512902968,-2.0042853847135165,0.17035507785304138
-0.2550784475622526,1.0016891261501322,-2.0117247653115995,0.16545886343147598
-0.253526855753867,0.9969551689780239,-2.0037021349705078,0.17434046563128944
-0.2537679468720784,1.0058711703854684,-2.009869803143506,0.16635946859423048
-0.25286454152301857,1.0055910677666409,-1.9929950211683445,0.17307521456599204
-0.2553783471623528,1.0102525036416128,-2.032129173383435,0.17007469321036986
-0.25570929881206816,1.0003122802554647,-2.0075593633345052,0.1680312071315313
-0.25569817000770334,1.0069963880413246,-2.006480371124368,0.17188919388459686
-0.25899517062430416,1.0058817964010274,-1.9970822966511623,0.16887706278296472
-0.25544873474338425,1.0055471181981361,-2.0065767668427577,0.16798002941672807
-0.25523661010836257,0.9922263471169077,-1.9839111068148985,0.16683015424059827
-0.2583686308700995,1.0141312952294856,-2.024702053349004,0.16962564596288873
-0.25297086385439976,1.0015922878171462,-2.0026366105885747,0.16673971581898397
-0.25042855350600196,0.9932577430860894,-1.9805893620378199,0.16829110176805917
-0.25256874642287475,0.989133749829069,-1.9826477012195194,0.16955792708547435
-0.2555793552113775,1.0075113812962697,-2.0133050123823444,0.17002519420175244
-0.247610757032899,0.9906287387566575,-1.9920428023222785,0.16748181765819514
-0.25615971836450985,0.9985055255141957,-1.9979558273627327,0.16626056247042656
-0.250224714352566,0.9945643137297475,-1.995782033820188,0.1665840450721808
-0.2519408855337802,1.0052564791578917,-2.0235642665876052,0.17485956502415287
-0.2528839027083403,1.0019526782006294,-1.9897414390869803,0.16343572697617612
-0.2513042017224665,1.0116643112755268,-2.0199578557190985,0.17417984734167807
-0.2615947146770464,0.9976820458372888,-1.9965244175729107,0.1735802058405273
-0.24999735737055573,1.0003165658635789,-2.010399724025924,0.17305972861437524
-0.2565259766692072,1.0037574570243875,-1.991803174519194,0.16242847352709872
-0.24849997406497543,0.9928174975349626,-1.9753705587696513,0.17081515769979455
-0.25724196280322215,1.0007383096653226,-1.9920030527915082,0.16991247829158793
-0.2517921351534917,1.0035408120982738,-2.004158107712307,0.16760607047658146
-0.24483755212223698,0.9975186466014733,-1.9983447875710565,0.16845298374200046
-0.2504237218646434,0.9977242720280449,-1.9795566120430812,0.17036386228249747
-0.254346530518325,0.9961673457865909,-2.010186457261247,0.1733180777527121
-0.25659496892051875,1.002504694286461,-2.001305593164808,0.17094583064631058
-0.2500679046503858,1.0006156851188674,-2.0067574217062045,0.17662887702811264
-0.25403752991161144,1.006646201425537,-2.0064239623952984,0.16978106041744578
-0.25604902606442187,1.0134081059194315,-2.0141040934637258,0.17129214087602096
-0.24858990060172712,0.9979754094404043,-1.992806382585727,0.174879688426752
-0.24963702649804542,0.9988455497380329,-1.998417573691064,0.17039255208662427
-0.25761379223752884,0.995962341180274,-2.0068647826997874,0.16761264989814362
-0.2485523433265816,0.9953871323036682,-1.992398898153821,0.17326897650900602
-0.257574700025976,1.0065536007179254,-1.9959440917077336,0.17345619478230168
-0.2492119654667762,0.998216448389372,-2.0004855316554284,0.17059599018814514
-0.24463283928564525,0.9982142860326509,-1.9869046191140796,0.16712018542552293
-0.2560019601740148,1.0144135969511165,-2.0163094521768343,0.16803189311901512
-0.2562115123252175,1.0077735963092795,-2.0024714321018178,0.17128609380929785
-0.252898441251476,0.9963796811886506,-1.9993712268809918,0.17188797764482674
-0.25809273924269704,1.0037085035495195,-1.9929719611966272,0.16932064397937666
-0.2497417287110336,0.9962964503487198,-1.9944423054533744,0.17911125814116394
-0.25150080814393444,1.0034403687038143,-1.9924546074906024,0.16773219652536328
-0.25226252418164447,1.00867318841326,-2.012396437311411,0.16876153906346306
-0.25532597909869076,0.9991071723061847,-1.9929799339993224,0.1728442746082993
-0.24958739574974262,1.009305258571345,-1.995008539086891,0.16294863997469042
-0.25510122950170094,1.0001135953467897,-2.0035841216141397,0.175680121838067
-0.25300302210330916,1.0017555320852352,-2.007511422160203,0.16966648980968277
-0.25595012073863127,1.0019790006839258,-2.0016538457382236,0.1747662017448567
-0.2560875988517431,0.9872039344228469,-1.9823445559420756,0.16826546020068017
-0.25714548289757444,1.0018775127118573,-1.9997278657488256,0.17132380073704606
-0.25176693248491194,1.003889707530672,-1.9784464906590395,0.17269796107942553
-0.2597011800506199,1.0078403505464153,-1.996855758321563,0.17328005810989958
-0.25449856628925294,0.9967500596613492,-1.9833548171999447,0.1712356380522636
-0.2558526452398929,1.0049355509198894,-1.9986651947512242,0.17947389579689743
-0.2557324609744387,0.9971450215066822,-2.0114163391109092,0.16373540913732984
-0.2594339675235604,1.0074242276175618,-2.0158993334598176,0.17463260606656375
-0.2478712710084776,1.0067921161418512,-2.0135094732251524,0.17269064093124667
-0.24862636254950782,1.0009967189789686,-2.004869850322294,0.169952616281766
-0.26007853925763524,0.9897637122319295,-1.982417388505203,0.17283242381481712
-0.25926677156713807,1.007794850683066,-2.0157327512846286,0.16781316977013855
-0.25782933806401803,0.9896628581791461,-1.9920413366835403,0.17183642590678264
-0.24895155119502754,1.0027733543411415,-1.9888562203256444,0.17065423142796296
-0.25194736866723977,0.9951395688846097,-1.9930221475238366,0.17545163508897915
-0.25068776890862354,1.0009931611656944,-2.007320623652569,0.16873809717335958
-0.25252350568591436,1.008496168904677,-2.003996917337141,0.16970793465078543
-0.2579392193313518,1.0041252288571094,-2.008950376807826,0.17257055356507317
-0.2548468393892789,1.0065035004448109,-2.0136415399186225,0.17499349496743685
-0.2581788074702198,1.0044307899247118,-2.0055565728594678,0.17003078563651325
-0.24934980032240764,1.015839473403681,-2.028281587700425,0.1699904634383241
-0.25258915294583245,1.0123357127589672,-2.0157031876951907,0.17433190200039583
-0.25106917818210245,0.9917565876913658,-1.996567052799837,0.16987523413389877
-0.25814548937992515,1.0067665539927118,-2.0145789824963884,0.16889274022090314
-0.25468413430345016,1.0043583757237617,-2.015416160770238,0.16834154434974144
-0.25282863105956294,1.0015150415585217,-1.9866313382118748,0.17132177327884948
-0.25445227933917586,0.9987814096850147,-2.015871365457038,0.17091148599664321
-0.25030824697192483,0.9894029280964161,-1.9845411374570257,0.16184609808099418
-0.25035722799991716,1.0082875961649824,-2.020630754526566,0.1670581302432097
-0.25826356057853217,1.009549812515664,-1.9991129926451165,0.17246393963099607
-0.24665561043997827,1.0035342415102135,-1.9975076639071971,0.16783016484729216
-0.2592917792333359,1.0156041246779324,-2.016786139240223,0.1715341344003789
-0.24936365293722415,1.0067294855472506,-2.0192104558450055,0.17158100909779997
-0.25355969971682324,1.013332310195321,-2.0114607662686455,0.167451390825404
-0.2527448433395094,0.9974210083151235,-2.0022829731449074,0.1615811016790852
-0.24798100951177096,0.993958906669785,-1.9757544868982806,0.17066288941896746
-0.2575864919756218,1.0003948221474093,-2.005694891799906,0.16849422170296569
-0.2506863600579153,0.9994884880757208,-1.9841166966817605,0.16113116123738125
-0.2552577907176627,1.0128997467735676,-2.001880392883727,0.1704334940608391
-0.2572804059143412,0.9989561713396582,-2.0005600991595482,0.16943390637973169
-0.254997401010094,1.0020177479662593,-2.000804709026213,0.16931013932930877
-0.2529371352668134,0.9996294774812203,-2.0010610317700226,0.17262722403300543
-0.24298552515791055,1.0079812724125412,-2.004041588987452,0.17215221007463255
-0.2533930008518109,1.0029539038435906,-1.9948236948908793,0.16672461738264757
-0.2602079395984369,1.0003840353682973,-2.0090988137234604,0.1680861466063463
-0.2564708910037676,0.9974846605760287,-1.9901854941378085,0.17358248935795723
-0.25534145261437613,1.0022907492840802,-2.0119570094119146,0.17310538536088385
-0.2549726305248616,1.0062645871156568,-2.0150733828940117,0.17086602067900128
-0.25263862377605967,1.0132353470491475,-2.020651980224984,0.16740029965314135
-0.24930353899617544,0.9961623462963453,-1.9911324025533639,0.16733619078100662
-0.24424023812982312,0.9968803350952578,-1.9792248950144256,0.1682754241051449
-0.25695979747615216,1.0094864412456706,-1.99658622353294,0.16944833679038893
-0.2555866530557246,0.9899062202050173,-1.9816051610837166,0.17345744059040547
-0.2558480954984494,0.9996736566940633,-2.003267789942016,0.17137530136359191
-0.2514724857884167,1.0103999953101854,-2.008490161026571,0.17335809147073766
-0.2530826775305311,0.9999238035010434,-1.9898332915639034,0.1631050165889195
-0.25706639484941485,0.9947123565748074,-1.9923750106912923,0.16535405333060352
-0.25149284794057275,0.9977746873162114,-1.9958537755721595,0.17064386857966482
-0.25205268699953826,0.9952765673472741,-1.9833631796404039,0.16547820337286884
-0.2583550869946736,1.0074137359505544,-2.016057586096478,0.17183368179563296
-0.2544448216666563,0.9897555939908215,-1.964473142250481,0.17053390078814973
-0.2541713054101743,0.9900479053249623,-1.9813806422003049,0.16968335986546781
-0.26233542604554494,1.0111555699532442,-2.0098799810566326,0.16830976610101162
-0.2542203928833194,0.9952339392233094,-1.9862828888812774,0.1716473644151655
-0.25903357240006986,0.9976450497668276,-1.9933803178382512,0.1652305900804878
-0.2580238329603167,1.0013649129311235,-2.003825135530274,0.16973439079895772
-0.25653579887924416,0.9944371578134605,-1.990365207624355,0.16684928898240706
-0.25168844265168927,0.9881734396239771,-1.9908008838092175,0.17792668053033378
-0.25229175758042444,1.0000110478006197,-1.9862826878897377,0.16385386650302605
-0.2550033959163719,1.0082817565402378,-2.0099968414884737,0.17020085058557466
-0.25492391359738603,0.9957407337614415,-2.0064639762005108,0.17429586431978433
-0.24998081504086975,1.009453986661536,-2.0054997782145882,0.17403319158718572
-0.254328741026507,1.0086047040277188,-2.0216878523528594,0.17491759093235867
-0.2548644981709348,1.001925571479013,-1.997355989940028,0.17073528059164403
-0.25135422939806845,0.9970772973853886,-1.9918520960271988,0.16556746558648391
-0.25473024041283676,0.9912068990394883,-1.993620828869496,0.16850117194594066
-0.24835029804127798,1.00981669772667,-2.0137602847450653,0.17142304376233636
-0.2551746475945713,1.009051684056511,-2.017797293774778,0.1706741570515346
-0.253311859432271,1.012037710158983,-2.005714557723628,0.16584056192664834
-0.25265895775566843,1.0080344835519743,-2.014736215325311,0.161775544619699
-0.2515657466971532,0.9965259606655811,-1.9965172026500722,0.16893006640826222
-0.2527919697577006,1.0058594178233833,-2.015677447568636,0.1698908428899017
-0.2568059016895927,1.0126628545834038,-2.0263011118075753,0.16822156648597603
-0.2487060147841864,1.0043140377729805,-2.013404760930381,0.16683088525964448
-0.25352057527026894,0.9982783520451926,-2.0071626763586425,0.1669175099631982
-0.25242334999427946,1.0200982381151766,-2.02048925158717,0.17252159253617336
